{
    "1_": {
        "vs_max": -0.7482570770654383,
        "vs_min": 1.0138986579993705,
        "vs_pack": 0.09431222906859726
    },
    "2_": {
        "vs_max": -1.5543835855405923,
        "vs_min": 0.19345985224596884,
        "vs_pack": -0.7186576600152937
    },
    "3_": {
        "vs_max": -1.2249067601367707,
        "vs_min": 0.5287863429590139,
        "vs_pack": -0.38638383526423375
    },
    "4_": {
        "vs_max": -0.914333974348718,
        "vs_min": 0.8448731640628638,
        "vs_pack": -0.07317453057062641
    },
    "5_": {
        "vs_max": -0.24131277479690483,
        "vs_min": 1.5298434552042453,
        "vs_pack": 0.6055600901103269
    },
    "6_": {
        "vs_max": -0.9774269765820855,
        "vs_min": 0.7806599830552625,
        "vs_pack": -0.1368031428149431
    },
    "7_": {
        "vs_max": -1.0962223547051702,
        "vs_min": 0.6597554635640375,
        "vs_pack": -0.2566070003497679
    },
    "8_": {
        "vs_max": -0.9407004053900818,
        "vs_min": 0.8180386127013481,
        "vs_pack": -0.09976479189298582
    },
    "9_": {
        "vs_max": -0.6215247339223746,
        "vs_min": 1.1428810586095473,
        "vs_pack": 0.2221204302196125
    },
    "10_": {
        "vs_max": -1.0266901666895318,
        "vs_min": 0.7305221542722734,
        "vs_pack": -0.18648453869575313
    },
    "11_": {
        "vs_max": -0.9380127619875435,
        "vs_min": 0.820773973615903,
        "vs_pack": -0.09705433250989018
    },
    "12_": {
        "vs_max": -1.498156658599599,
        "vs_min": 0.2506850548731743,
        "vs_pack": -0.6619534106472725
    },
    "13_": {
        "vs_max": -0.9045161525236106,
        "vs_min": 0.8548652954821956,
        "vs_pack": -0.0632733631529952
    },
    "14_": {
        "vs_max": -1.2561967976951127,
        "vs_min": 0.49694076937168125,
        "vs_pack": -0.41793950065396707
    },
    "15_": {
        "vs_max": -0.7504449385607704,
        "vs_min": 1.0116719523228888,
        "vs_pack": 0.09210579434837507
    },
    "16_": {
        "vs_max": -0.18241226341061573,
        "vs_min": 1.5897897101803289,
        "vs_pack": 0.6649606205547016
    },
    "17_": {
        "vs_max": -0.4379674380789335,
        "vs_min": 1.3296973051984142,
        "vs_pack": 0.40723598326680605
    },
    "18_": {
        "vs_max": -0.8618541359339251,
        "vs_min": 0.8982847508330455,
        "vs_pack": -0.020249179565958696
    },
    "19_": {
        "vs_max": -0.4922899153256709,
        "vs_min": 1.2744103646384473,
        "vs_pack": 0.3524523508744426
    },
    "20_": {
        "vs_max": -0.9487928552725708,
        "vs_min": 0.809802486178518,
        "vs_pack": -0.10792594031599026
    },
    "21_": {
        "vs_max": -1.3016757832132733,
        "vs_min": 0.45065433148245276,
        "vs_pack": -0.4638045670221281
    },
    "22_": {
        "vs_max": -0.7996002050656608,
        "vs_min": 0.9616439632619069,
        "vs_pack": 0.04253323825670112
    },
    "23_": {
        "vs_max": -0.3148819095193436,
        "vs_min": 1.4549681441985793,
        "vs_pack": 0.5313664112441737
    },
    "24_": {
        "vs_max": -1.2880355603738018,
        "vs_min": 0.4645367283754598,
        "vs_pack": -0.4500485494091354
    },
    "25_": {
        "vs_max": -1.2543086114018853,
        "vs_min": 0.49886247929086736,
        "vs_pack": -0.4160352851428328
    },
    "26_": {
        "vs_max": -0.6432297217174701,
        "vs_min": 1.1207907116500053,
        "vs_pack": 0.2002311841337547
    },
    "27_": {
        "vs_max": -0.8339560279335787,
        "vs_min": 0.9266781731680576,
        "vs_pack": 0.007885761449184917
    },
    "28_": {
        "vs_max": -0.7525048086644895,
        "vs_min": 1.0095755104491444,
        "vs_pack": 0.09002843756610597
    },
    "29_": {
        "vs_max": -0.5980599513839226,
        "vs_min": 1.1667624444227076,
        "vs_pack": 0.24578441032336423
    },
    "30_": {
        "vs_max": -0.44032110109835065,
        "vs_min": 1.3273018542902817,
        "vs_pack": 0.40486233949784506
    },
    "31_": {
        "vs_max": -0.9398280590269448,
        "vs_min": 0.8189264470559449,
        "vs_pack": -0.09888503999470911
    },
    "32_": {
        "vs_max": -0.5365139763656016,
        "vs_min": 1.2294011316660711,
        "vs_pack": 0.30785286230722125
    },
    "33_": {
        "vs_max": -1.1208189709878695,
        "vs_min": 0.6347221489708674,
        "vs_pack": -0.28141242257686894
    },
    "34_": {
        "vs_max": -1.7444685914271088,
        "vs_min": 0.0,
        "vs_pack": -0.9103563382344024
    },
    "35_": {
        "vs_max": -1.3244430550852904,
        "vs_min": 0.4274828402232538,
        "vs_pack": -0.48676511514198545
    },
    "36_": {
        "vs_max": -1.1445106155386964,
        "vs_min": 0.6106098733450701,
        "vs_pack": -0.30530519057321426
    },
    "37_": {
        "vs_max": -0.8465363503536777,
        "vs_min": 0.9138744945967343,
        "vs_pack": -0.004801358022737048
    },
    "38_": {
        "vs_max": -1.633727265806892,
        "vs_min": 0.11270747207068131,
        "vs_pack": -0.7986749057793804
    },
    "39_": {
        "vs_max": -0.1970603115237992,
        "vs_min": 1.574881594674574,
        "vs_pack": 0.6501882220233646
    },
    "40_": {
        "vs_max": -0.9365020451792994,
        "vs_min": 0.8223115123036356,
        "vs_pack": -0.09553079090305405
    },
    "41_": {
        "vs_max": -0.8844110332588355,
        "vs_min": 0.8753273691960639,
        "vs_pack": -0.04299756722411535
    },
    "42_": {
        "vs_max": -1.1911410851343727,
        "vs_min": 0.5631515074625689,
        "vs_pack": -0.35233151621388153
    },
    "43_": {
        "vs_max": -0.09246774086910037,
        "vs_min": 1.6813311442879946,
        "vs_pack": 0.7556687014148573
    },
    "44_": {
        "vs_max": -0.7342299000836389,
        "vs_min": 1.0281748791756327,
        "vs_pack": 0.10845848576052078
    },
    "45_": {
        "vs_max": -1.0396169702465614,
        "vs_min": 0.717365842997261,
        "vs_pack": -0.1995210806571957
    },
    "46_": {
        "vs_max": -1.3281724275596059,
        "vs_min": 0.42368725495609183,
        "vs_pack": -0.4905261470580948
    },
    "47_": {
        "vs_max": -0.549419387952087,
        "vs_min": 1.216266592163332,
        "vs_pack": 0.2948378939173431
    },
    "48_": {
        "vs_max": -0.9271663621290384,
        "vs_min": 0.8318129448605884,
        "vs_pack": -0.0861158552396067
    },
    "49_": {
        "vs_max": -0.4427082669654915,
        "vs_min": 1.3248723057112666,
        "vs_pack": 0.40245490846830934
    },
    "50_": {
        "vs_max": -0.16196852764380662,
        "vs_min": 1.6105964123310694,
        "vs_pack": 0.6855779075736353
    },
    "51_": {
        "vs_max": -0.3391385003473016,
        "vs_min": 1.430280892010107,
        "vs_pack": 0.506903901020735
    },
    "52_": {
        "vs_max": -0.7708092629809615,
        "vs_min": 0.990946071420051,
        "vs_pack": 0.07156859281599123
    },
    "53_": {
        "vs_max": -1.0542919717426924,
        "vs_min": 0.7024302955672558,
        "vs_pack": -0.21432066138452177
    },
    "54_": {
        "vs_max": -0.5889713520926448,
        "vs_min": 1.1760124063953163,
        "vs_pack": 0.2549501646808713
    },
    "55_": {
        "vs_max": -0.5984956074397091,
        "vs_min": 1.1663190535524521,
        "vs_pack": 0.24534505588999947
    },
    "56_": {
        "vs_max": -1.3271837644698652,
        "vs_min": 0.42469347117167516,
        "vs_pack": -0.4895290909956064
    },
    "57_": {
        "vs_max": -1.4344406897137996,
        "vs_min": 0.31553226293604797,
        "vs_pack": -0.5976965432531672
    },
    "58_": {
        "vs_max": -1.3931607203820187,
        "vs_min": 0.35754513360093454,
        "vs_pack": -0.5560661394192528
    },
    "59_": {
        "vs_max": -1.0667726753028735,
        "vs_min": 0.6897280045295301,